{
 "val_loss": [
  0.6923338542749853,
  0.7140013715367258,
  0.6707186779858153,
  0.6074229331664097,
  0.6485451106671933,
  0.6073031852274765,
  0.6047049495908949,
  0.6641216005808042,
  0.6191852008119042,
  0.622940496162132,
  0.7446928767510402,
  0.5686430357120655,
  0.6159178526313217,
  0.6136216999572001,
  0.573460665014055,
  0.573861586826819,
  0.5907462754367311,
  0.5954508273689835,
  0.5632691434872004,
  0.5951309866375394,
  0.5780049444716654,
  0.5610077145658894,
  0.5676411655214098,
  0.5641433361135884,
  0.5904713008138869,
  0.5924696153328742,
  0.5865636030097067,
  0.5713577164727964,
  0.6432232518254974,
  0.6107173392802109,
  0.5569296144408944,
  0.5780521844640191,
  0.5958615041073457,
  0.5741308103373022,
  0.6437282017719599,
  0.5906689476083826,
  0.6813675025363027,
  0.5933706296814812,
  0.761549682882442
 ],
 "val_acc": [
  0.5,
  0.5,
  0.6111111111111112,
  0.7098765432098766,
  0.5123456790123457,
  0.7098765432098766,
  0.7098765432098766,
  0.5555555555555556,
  0.7283950617283951,
  0.5925925925925926,
  0.5679012345679012,
  0.7037037037037037,
  0.6419753086419753,
  0.6604938271604939,
  0.7222222222222222,
  0.691358024691358,
  0.7098765432098766,
  0.7037037037037037,
  0.7469135802469136,
  0.6790123456790124,
  0.6975308641975309,
  0.7222222222222222,
  0.7407407407407407,
  0.7160493827160493,
  0.7222222222222222,
  0.6975308641975309,
  0.7222222222222222,
  0.7160493827160493,
  0.691358024691358,
  0.654320987654321,
  0.7469135802469136,
  0.691358024691358,
  0.691358024691358,
  0.7160493827160493,
  0.6358024691358025,
  0.7407407407407407,
  0.6172839506172839,
  0.7345679012345679,
  0.7222222222222222
 ],
 "loss": [
  0.8132187881945079,
  0.694412171283615,
  0.712808542533827,
  0.6831732405308993,
  0.6897368915727206,
  0.662384256766964,
  0.6729562269564359,
  0.6440593600273132,
  0.644683097010461,
  0.630809962563797,
  0.6267990609195745,
  0.6212109149059403,
  0.6143748335006453,
  0.6333842065846809,
  0.6229381030222337,
  0.586094120581202,
  0.6047111872200653,
  0.6180507475713332,
  0.5826538685256633,
  0.5925554375039455,
  0.5675947661526106,
  0.5613679779095813,
  0.5969850730812438,
  0.5417521888407592,
  0.5535468797074672,
  0.5495452030425503,
  0.5472500413377709,
  0.544976357544694,
  0.5667423939222116,
  0.5320171340603694,
  0.5197988876672549,
  0.5614823763058564,
  0.527622053463511,
  0.5059232834343598,
  0.5464922390251516,
  0.5054248058907339,
  0.47970932035059943,
  0.5139870994094747,
  0.5025472973366021
 ],
 "acc": [
  0.5218068535825545,
  0.5062305295950156,
  0.5482866043613707,
  0.5794392523364486,
  0.5903426791277259,
  0.6059190031152648,
  0.6277258566978193,
  0.6355140186915887,
  0.632398753894081,
  0.6417445482866043,
  0.6464174454828661,
  0.6697819314641744,
  0.6728971962616822,
  0.6401869158878505,
  0.6433021806853583,
  0.677570093457944,
  0.6931464174454829,
  0.705607476635514,
  0.7087227414330218,
  0.705607476635514,
  0.7040498442367601,
  0.7118380062305296,
  0.7165109034267912,
  0.7040498442367601,
  0.7040498442367601,
  0.7102803738317757,
  0.7227414330218068,
  0.735202492211838,
  0.719626168224299,
  0.7336448598130841,
  0.7507788161993769,
  0.7414330218068536,
  0.7320872274143302,
  0.7492211838006231,
  0.7180685358255452,
  0.7663551401869159,
  0.7663551401869159,
  0.7570093457943925,
  0.7710280373831776
 ]
}