{
 "val_loss": [
  2.299697546311367,
  2.6218829419877796,
  0.9027548605277215,
  0.7767825560805238,
  0.7927952298411617,
  1.5584225904794387,
  0.8386515080928802,
  1.2448498555171637,
  1.1695798532462414,
  1.1648656357033753,
  1.2196024818184934,
  1.9146091072463696,
  1.588126067072153,
  1.1683617087058078,
  1.173988160987695,
  1.1903055668521074,
  1.2193308465274764,
  1.438210825868557,
  1.4290069522807536,
  1.555459982359115,
  1.3339674180304562,
  1.246049875680955,
  1.1847659906682868,
  1.3654593880529757,
  1.4483863365503005,
  1.544760515687588,
  1.6761407881607244,
  1.2529836747001994,
  1.3272224429931583,
  1.434999214278327,
  1.40724146945609,
  1.518923185848743,
  1.6103514050015675,
  1.4263947006360984,
  1.619608422856272,
  1.490634012369462,
  1.5255922167389482,
  1.5032641306737966,
  1.5075270184028295,
  1.6642303503589866,
  1.6984917439612341,
  1.774184122497653,
  1.5671741410538003,
  1.5812347340678694,
  1.7647076028536244,
  1.788585921689648,
  1.5032283845874999,
  1.5254057831832288,
  1.579710683957846
 ],
 "val_acc": [
  0.7839506172839507,
  0.7530864197530864,
  0.8518518518518519,
  0.7839506172839507,
  0.8024691358024691,
  0.7839506172839507,
  0.8641975308641975,
  0.845679012345679,
  0.8333333333333334,
  0.8641975308641975,
  0.8333333333333334,
  0.7901234567901234,
  0.8024691358024691,
  0.845679012345679,
  0.8641975308641975,
  0.8703703703703703,
  0.8518518518518519,
  0.8703703703703703,
  0.8518518518518519,
  0.8271604938271605,
  0.8518518518518519,
  0.8580246913580247,
  0.8271604938271605,
  0.8395061728395061,
  0.8271604938271605,
  0.8395061728395061,
  0.8395061728395061,
  0.8703703703703703,
  0.8765432098765432,
  0.8518518518518519,
  0.8641975308641975,
  0.8703703703703703,
  0.8580246913580247,
  0.8641975308641975,
  0.8580246913580247,
  0.8395061728395061,
  0.845679012345679,
  0.8641975308641975,
  0.845679012345679,
  0.845679012345679,
  0.8518518518518519,
  0.8271604938271605,
  0.8395061728395061,
  0.845679012345679,
  0.8395061728395061,
  0.8333333333333334,
  0.8580246913580247,
  0.8703703703703703,
  0.8518518518518519
 ],
 "loss": [
  4.1761352893048835,
  1.6554355677043167,
  0.721829598583544,
  0.3810962445314428,
  0.19404688321078836,
  0.26867826685571977,
  0.16852322073904918,
  0.22928238157590533,
  0.15512653093094533,
  0.08147318339465885,
  0.05383322177950954,
  0.04633456213683261,
  0.07212399085947135,
  0.18464167509808144,
  0.029635726311681477,
  0.008151282459145847,
  0.023426319291974043,
  0.05644250342143934,
  0.05145699407699858,
  0.03284073612723154,
  0.03291159002078827,
  0.028844882799511737,
  0.005789867771820235,
  0.011880809261711976,
  0.01041344300638558,
  0.056446980327315786,
  0.007737296185994698,
  0.032565287609524256,
  0.011811416441367076,
  0.012134922929343279,
  0.02065102059250374,
  0.01214888352876602,
  0.006492443664258513,
  0.0007330061207631624,
  0.006309906422664005,
  0.0021590663101779474,
  0.0006218111529974603,
  0.03405650188751213,
  0.00609566760936192,
  0.013641953520553843,
  0.007471280694704854,
  0.005326964024710934,
  0.029349431110484464,
  8.92780055466777e-05,
  0.002128985778116857,
  2.9414931563268392e-05,
  0.00022765542145050294,
  1.1803446933890989e-05,
  0.005519718587559146
 ],
 "acc": [
  0.6510903426791277,
  0.822429906542056,
  0.883177570093458,
  0.9143302180685359,
  0.9548286604361371,
  0.9361370716510904,
  0.9485981308411215,
  0.9501557632398754,
  0.9595015576323987,
  0.9750778816199377,
  0.985981308411215,
  0.9875389408099688,
  0.985981308411215,
  0.9595015576323987,
  0.9922118380062306,
  0.9953271028037384,
  0.9937694704049844,
  0.9922118380062306,
  0.985981308411215,
  0.9953271028037384,
  0.9844236760124611,
  0.9906542056074766,
  0.9984423676012462,
  0.9953271028037384,
  0.9968847352024922,
  0.9875389408099688,
  0.9968847352024922,
  0.9953271028037384,
  0.9937694704049844,
  0.9984423676012462,
  0.9968847352024922,
  0.9937694704049844,
  0.9984423676012462,
  1.0,
  0.9968847352024922,
  0.9984423676012462,
  1.0,
  0.9937694704049844,
  0.9984423676012462,
  0.9937694704049844,
  0.9984423676012462,
  0.9968847352024922,
  0.9922118380062306,
  1.0,
  0.9984423676012462,
  1.0,
  1.0,
  1.0,
  0.9984423676012462
 ]
}