{
 "val_loss": [
  2.828674457691334,
  2.295773094083056,
  2.174778938293457,
  2.4230212576595354,
  2.4371036769431313,
  1.8935272781937211,
  2.5092433095287334,
  1.7413991233448924,
  1.6392137974868586,
  2.4481576048297646,
  1.8915111766553219,
  2.2765416083512493,
  1.9348483925676663,
  1.9795585620550462,
  1.8289748297797308,
  2.0124887772548345,
  2.501190550533342,
  1.9358869153592322,
  1.8194195830527646,
  1.8877691648624617,
  1.589337682290882,
  1.7525041397706962,
  1.7576551908328208,
  1.9823917812771268,
  1.6947584726946876,
  1.7486756186426429,
  1.781994397993744,
  1.6516308394479275,
  1.8823888552141859,
  1.8862836364150783,
  1.8537454281651191,
  1.8527156247033014,
  1.9125331203901657,
  2.0648631056276456,
  2.129807979972275,
  1.8021539039385253,
  1.8899359276265695,
  2.1550725315823973,
  1.9776306240646948,
  2.038563429573436,
  1.9489336617198991
 ],
 "val_acc": [
  0.7777777777777778,
  0.808641975308642,
  0.8024691358024691,
  0.808641975308642,
  0.8148148148148148,
  0.845679012345679,
  0.808641975308642,
  0.8641975308641975,
  0.8518518518518519,
  0.8024691358024691,
  0.845679012345679,
  0.808641975308642,
  0.8271604938271605,
  0.8518518518518519,
  0.845679012345679,
  0.8395061728395061,
  0.8024691358024691,
  0.8395061728395061,
  0.8395061728395061,
  0.8580246913580247,
  0.8765432098765432,
  0.8580246913580247,
  0.8580246913580247,
  0.8580246913580247,
  0.845679012345679,
  0.8641975308641975,
  0.8518518518518519,
  0.845679012345679,
  0.8395061728395061,
  0.8580246913580247,
  0.8580246913580247,
  0.845679012345679,
  0.8580246913580247,
  0.845679012345679,
  0.8271604938271605,
  0.8641975308641975,
  0.845679012345679,
  0.8395061728395061,
  0.845679012345679,
  0.8518518518518519,
  0.845679012345679
 ],
 "loss": [
  5.262072821955392,
  2.8204599782014674,
  1.9747315288404923,
  1.6112062273439332,
  1.8445410487065064,
  1.3931732394056542,
  1.0187555120442258,
  0.6954575067456858,
  0.5981274040746273,
  0.4959187636652739,
  0.516744983431829,
  0.4001230665464387,
  0.3810712513181058,
  0.49470749240221,
  0.21997635571240115,
  0.23485463102135382,
  0.2651166390349128,
  0.34848748775234645,
  0.23169137904635892,
  0.12494058763615178,
  0.2256407811792064,
  0.1446958581628602,
  0.23453324800929476,
  0.17559230200549963,
  0.18237591208184067,
  0.12801414441654774,
  0.12575786749766843,
  0.12573034710464498,
  0.161896709615097,
  0.12471086720325276,
  0.1455768714154851,
  0.15286078108652618,
  0.13084531657558085,
  0.12476703577113561,
  0.12471610483144127,
  0.1656149619196472,
  0.12471242805637091,
  0.12930730422398337,
  0.12473470835780122,
  0.12471064818037492,
  0.12571296383644945
 ],
 "acc": [
  0.602803738317757,
  0.778816199376947,
  0.8302180685358256,
  0.867601246105919,
  0.8613707165109035,
  0.8707165109034268,
  0.9080996884735203,
  0.9361370716510904,
  0.9470404984423676,
  0.9532710280373832,
  0.9485981308411215,
  0.956386292834891,
  0.9595015576323987,
  0.9548286604361371,
  0.9828660436137072,
  0.9828660436137072,
  0.9735202492211839,
  0.9688473520249221,
  0.9766355140186916,
  0.9922118380062306,
  0.9781931464174455,
  0.9875389408099688,
  0.9766355140186916,
  0.9890965732087228,
  0.9844236760124611,
  0.9906542056074766,
  0.9922118380062306,
  0.9922118380062306,
  0.9875389408099688,
  0.9922118380062306,
  0.9875389408099688,
  0.9890965732087228,
  0.9906542056074766,
  0.9922118380062306,
  0.9922118380062306,
  0.9875389408099688,
  0.9922118380062306,
  0.9906542056074766,
  0.9922118380062306,
  0.9922118380062306,
  0.9922118380062306
 ]
}